[
  {"Manufacturer":"ASUS","Model":"Nexus 7","Description":"Nexus 7"},
  {"Manufacturer":"HTC","Model":"HTC One_M8","Description":"HTC One M8"},
  {"Manufacturer":"HTC","Model":"HTC M8d","Description":"HTC One M8"},
  {"Manufacturer":"HTC","Model":"HTC M8e","Description":"HTC One M8"},
  {"Manufacturer":"HTC","Model":"HTC M8w","Description":"HTC One M8"},
  {"Manufacturer":"HTC","Model":"HTC_M8x","Description":"HTC One M8"},
  {"Manufacturer":"HTC","Model":"HTC 0P6B","Description":"HTC One M8"},
  {"Manufacturer":"HTC","Model":"HTC_0P6B","Description":"HTC One M8"},
  {"Manufacturer":"HTC","Model":"831C","Description":"HTC One M8"},
  {"Manufacturer":"HTC","Model":"HTC6525LVW","Description":"HTC One M8"},
  {"Manufacturer":"Huawei","Model":"Nexus 6P","Description":"Nexus 6P"},
  {"Manufacturer":"Huawei","Model":"EVA-","Description":"Huawei P9"},
  {"Manufacturer":"LG","Model":"LG-D80","Description":"LG G2"},
  {"Manufacturer":"LG","Model":"LG-F320","Description":"LG G2"},
  {"Manufacturer":"LG","Model":"LG-LS980","Description":"LG G2"},
  {"Manufacturer":"LG","Model":"VS980 4G","Description":"LG G2"},
  {"Manufacturer":"LG","Model":"Nexus 5","Description":"Nexus 5"},
  {"Manufacturer":"Motorola","Model":"Nexus 6","Description":"Nexus 6"},
  {"Manufacturer":"Sony","Model":"D660","Description":"Xperia Z3"},
  {"Manufacturer":"Sony","Model":"D661","Description":"Xperia Z3"},
  {"Manufacturer":"Sony","Model":"D664","Description":"Xperia Z3"},
  {"Manufacturer":"Sony","Model":"D665","Description":"Xperia Z3"},
  {"Manufacturer":"Sony","Model":"401SO","Description":"Xperia Z3"},
  {"Manufacturer":"Sony","Model":"SO-01G","Description":"Xperia Z3"},
  {"Manufacturer":"Sony","Model":"SOL26","Description":"Xperia Z3"},
  {"Manufacturer":"Sony","Model":"D510","Description":"Xperia T3"},
  {"Manufacturer":"Sony","Model":"D650","Description":"Xperia Z2"},
  {"Manufacturer":"Sony","Model":"D654","Description":"Xperia Z2"},
  {"Manufacturer":"Sony","Model":"SO-03F","Description":"Xperia Z2"},
  {"Manufacturer":"Sony","Model":"E5803","Description":"Xperia Z5 Compact"},
  {"Manufacturer":"Sony","Model":"E5823","Description":"Xperia Z5 Compact"},
  {"Manufacturer":"Sony","Model":"SO-02H","Description":"Xperia Z5 Compact"},
  {"Manufacturer":"Samsung","Model":"SM-G925","Description":"Galaxy S6 Edge"},
  {"Manufacturer":"Samsung","Model":"404SC","Description":"Galaxy S6 Edge"},
  {"Manufacturer":"Samsung","Model":"SC-04G","Description":"Galaxy S6 Edge"},
  {"Manufacturer":"Samsung","Model":"SCV31","Description":"Galaxy S6 Edge"},
  {"Manufacturer":"Samsung","Model":"SM-G920","Description":"Galaxy S6"},
  {"Manufacturer":"Samsung","Model":"SC-05G","Description":"Galaxy S6"},
  {"Manufacturer":"Samsung","Model":"SM-G900","Description":"Galaxy S5"},
  {"Manufacturer":"Samsung","Model":"SM-G906","Description":"Galaxy S5"},
  {"Manufacturer":"Samsung","Model":"SC-04F","Description":"Galaxy S5"},
  {"Manufacturer":"Samsung","Model":"SCL23","Description":"Galaxy S5"},
  {"Manufacturer":"Samsung","Model":"SM-T23","Description":"Galaxy Tab 4 7.0"},
  {"Manufacturer":"Samsung","Model":"403SC","Description":"Galaxy Tab 4 7.0"},
  {"Manufacturer":"Samsung","Model":"SM-N900","Description":"Note 3"},
  {"Manufacturer":"Samsung","Model":"SC-01F","Description":"Note 3"},
  {"Manufacturer":"Samsung","Model":"SC-02F","Description":"Note 3"},
  {"Manufacturer":"Samsung","Model":"SCL22","Description":"Note 3"},
  {"Manufacturer":"Samsung","Model":"SM-N910","Description":"Note 4"},
  {"Manufacturer":"Samsung","Model":"SM-N916","Description":"Note 4"},
  {"Manufacturer":"Samsung","Model":"SM-G930","Description":"Galaxy S7"},
  {"Manufacturer":"Samsung","Model":"SM-G935","Description":"Galaxy S7 Edge"},
  {"Manufacturer":"Samsung","Model":"SC-02H","Description":"Galaxy S7 Edge"},
  {"Manufacturer":"Samsung","Model":"SCV33","Description":"Galaxy S7 Edge"},
  {"Manufacturer":"Samsung","Model":"SM-G928","Description":"Galaxy S6 Edge+"},
  {"Manufacturer":"Samsung","Model":"SM-G950","Description":"Galaxy S8"},
  {"Manufacturer":"Samsung","Model":"SC-02J","Description":"Galaxy S8"},
  {"Manufacturer":"Samsung","Model":"SCV36","Description":"Galaxy S8"},
  {"Manufacturer":"Samsung","Model":"SM-G955","Description":"Galaxy S8+"},
  {"Manufacturer":"Samsung","Model":"SC-03J","Description":"Galaxy S8+"},
  {"Manufacturer":"Samsung","Model":"SCV35","Description":"Galaxy S8+"},
  {"Manufacturer":"Google","Model":"Pixel","Description":"Pixel"},
  {"Manufacturer":"Google","Model":"Pixel XL","Description":"Pixel XL"},
  {"Manufacturer":"TCL","Model":"5098","Description":"Alcatel Pixi4-6"},
  {"Manufacturer":"TCL","Model":"8050","Description":"Alcatel Pixi4-6"},
  {"Manufacturer":"TCL","Model":"T600M","Description":"Alcatel Pixi4-6"},
  {"Manufacturer":"TCL","Model":"9001","Description":"Alcatel Pixi4-6"}
]

